id,dish,grams,kcal,prot,fat,carb,eaten_at,deleted,created_at,updated_at,eaten_day,imageurl,mailid,ingridients,description,sugar,fiber,sodium,glycemicindex,saturatedfat,vitamins,minerals,healthbenefits,healthconcerns,overallhealthscore,recommendedintakedescr,packageinfo,targetlanguage,originalresult,issafeforuser,allergenid,allergenname,messageallergen,recommendedintakemaxfrequency,portionsize,quantity,quantityeaten,totalmultiplier,basegrams,preparationmethod,addon_sauce,addon_sugar,addon_oil,addon_cream,addon_cheese,addon_nuts,webhook_data,scan_id,scan_timestamp,scan_date
1,Банан,18.00,18.00,0.20,0.10,4.70,,false,2025-05-27 16:47:52.119252+00,2025-05-27 16:47:52.119252+00,,https://firebasestorage.googleapis.com/v0/b/nutrichecker-41993.firebasestorage.app/o/food_analysis%2F1748294675634.jpg?alt=media&token=a965235a-9763-443c-ace5-f12a29002df1,2025052518383533341@nutrichecker.top,"[{""name"": ""банан""}]",Один целый средний банан на тарелке,2.40,0.50,0.00,51,0.10,"[""C"", ""B6""]","[""Potassium"", ""Magnesium"", ""Manganese""]","[[""Хороший источник калия""]]","[""Относительно высокое содержание натуральных сахаров, но сбалансировано клетчаткой""]",88,Отлично подходит в качестве полезного перекуса или части сбалансированного завтрака. Можно употреблять ежедневно.,,ru,,true,,,,ежедневно,small,1,quarter,0.175,100,,0,0,0,0,0,0,,food_analysis_1748294743548,,
2,Baggio Pronto Orange Flavored Drink,100.00,90.00,0.40,0.00,22.00,,false,2025-05-27 17:17:04.854287+00,2025-05-27 17:17:04.854287+00,,https://firebasestorage.googleapis.com/v0/b/nutrichecker-41993.firebasestorage.app/o/food_analysis%2F1748366196649.jpg?alt=media&token=bd6f8dd7-bdb9-4429-9cb9-caab0658eb70,2025052522330875258@nutrichecker.top,"[{""name"": ""50% orange juice""}, {""name"": ""orange flavor""}, {""name"": ""vitamin C""}, {""name"": ""sugar""}, {""name"": ""water""}]",Full juice box,20.00,0.20,0.02,55,0.00,"[""C""]",[],"[[""Source of Vitamin C""]]","[""High sugar content"", ""High calorie content""]",40,Best consumed occasionally due to high sugar and calorie content.,,ru,,true,,,,occasionally,regular,1,all,1.000,100,,0,0,0,0,0,0,,food_analysis_1748366217868,,
3,Tangerine,400.00,188.00,2.80,1.20,48.00,,false,2025-05-27 17:19:12.478983+00,2025-05-27 17:19:12.478983+00,,https://firebasestorage.googleapis.com/v0/b/nutrichecker-41993.firebasestorage.app/o/food_analysis%2F1748366302326.jpg?alt=media&token=07a1cf74-709a-4b30-8147-5e5da9893e28,2025052522330875258@nutrichecker.top,"[{""name"": ""tangerine""}]",Single tangerine,36.00,6.80,0.00,47,0.00,"[""C"", ""A""]","[""Potassium"", ""Calcium""]","[[""High in Vitamin C""]]","[""None significant for typical consumption""]",90,"Excellent for daily consumption as part of a healthy diet, can be eaten as a snack or added to meals.",,ru,,true,,,,daily,regular,4,all,4.000,100,,0,0,0,0,0,0,,food_analysis_1748366317776,,
4,Green Olives in Brine XL,25.00,66.00,0.50,6.90,0.50,,false,2025-05-27 17:20:14.431826+00,2025-05-27 17:20:14.431826+00,,https://firebasestorage.googleapis.com/v0/b/nutrichecker-41993.firebasestorage.app/o/food_analysis%2F1748347640007.jpg?alt=media&token=297bce53-9fe0-41ad-9f4f-f317cdd40780,2025052708443239565@nutrichecker.top,"[{""name"": ""green olives""}, {""name"": ""water""}, {""name"": ""sodium chloride""}, {""name"": ""citric acid (INS 330)""}, {""name"": ""lactic acid (INS 270)""}, {""name"": ""potassium sorbate (INS 202)""}]",Full package of green olives,0.00,1.20,2.56,,5.40,"[""E""]","[""Iron"", ""Copper"", ""Calcium""]","[[""Good source of healthy fats (monounsaturated)""]]","[""High sodium content""]",60,"Consume in moderation due to high sodium content, suitable as a snack or addition to meals.",,ru,,true,,,,daily,regular,1,quarter,0.250,100,,0,0,0,0,0,0,,food_analysis_1748347667571,,
5,Salami and Cheese Baguette Sandwich,100.00,580.00,26.00,31.00,53.00,,false,2025-05-27 17:20:44.181828+00,2025-05-27 17:20:44.181828+00,,https://firebasestorage.googleapis.com/v0/b/nutrichecker-41993.firebasestorage.app/o/food_analysis%2F1748347120138.jpg?alt=media&token=8f03d9b0-13c2-438b-9432-9308986766f5,2025052708443239565@nutrichecker.top,"[{""name"": ""baguette bread""}, {""name"": ""salami""}, {""name"": ""cheese""}]",One medium salami and cheese sandwich,3.00,3.00,1.50,55,15.00,"[""B1"", ""B3"", ""B6"", ""B12"", ""D""]","[""Calcium"", ""Iron"", ""Sodium"", ""Zinc""]","[[""Good source of protein""]]","[""High in saturated fat"", ""High sodium content"", ""Moderate in fiber""]",45,Best consumed in moderation due to high fat and sodium content.,,ru,,true,,,,occasionally,regular,1,all,1.000,100,,1,0,0,0,0,0,,food_analysis_1748347144687,,
6,Apricot,100.00,17.00,0.50,0.10,4.00,,false,2025-05-28 13:05:05.621666+00,2025-05-28 13:05:05.621666+00,,https://firebasestorage.googleapis.com/v0/b/nutrichecker-41993.firebasestorage.app/o/food_analysis%2F1748437446159.jpg?alt=media&token=9ce088e6-4ae8-45ce-aef6-907631776002,2025052813545040996@nutrichecker.top,"[{""name"": ""apricot""}]",Single apricot,3.00,0.70,0.00,30,0.00,"[""A"", ""C"", ""E"", ""K"", ""B6""]","[""Potassium"", ""Copper"", ""Iron"", ""Magnesium""]","[[""Good source of Vitamin A""]]",[],90,Excellent for daily consumption as part of a balanced diet.,,ru,,true,,,,daily,regular,1,all,1.000,100,,0,0,0,0,0,0,,food_analysis_1748437467528,,
7,Pears,100.00,304.00,2.10,0.50,81.20,,false,2025-05-29 00:35:41.519786+00,2025-05-29 00:35:41.519786+00,,https://firebasestorage.googleapis.com/v0/b/nutrichecker-41993.firebasestorage.app/o/food_analysis%2F1748308105827.jpg?alt=media&token=5c36e167-0c7a-44d1-a8bb-723959db61c0,2025052518383533341@nutrichecker.top,"[{""name"": ""pear""}]",Three medium pears in a bowl,52.30,16.60,0.01,38,0.00,"[""C"", ""K""]","[""Potassium"", ""Copper""]","[[""High in fiber""]]",[],95,Excellent addition to a daily balanced diet as a snack or part of a meal,,ru,,true,,,,daily,regular,1,all,1.000,100,,0,0,0,0,0,0,,food_analysis_1748308120690,,
8,Turkey and Vegetable Sandwich,50.00,175.00,12.50,5.00,20.00,,false,2025-05-29 00:37:19.197696+00,2025-05-29 00:37:19.197696+00,,https://firebasestorage.googleapis.com/v0/b/nutrichecker-41993.firebasestorage.app/o/food_analysis%2F1748478990485.jpg?alt=media&token=5ddfa823-8f2b-48c7-9f8e-2418643d23a7,2025052518383533341@nutrichecker.top,"[{""name"": ""whole wheat bread""}, {""name"": ""sliced turkey breast""}, {""name"": ""lettuce""}, {""name"": ""tomato""}]","One whole sandwich, cut in half",2.50,3.00,0.80,55,2.00,"[""A"", ""C"", ""B6"", ""B12""]","[""Iron"", ""Potassium"", ""Zinc""]","[[""High protein content""]]","[""Moderate sodium content""]",80,Can be consumed as a balanced meal for lunch or a substantial snack.,,ru,,true,,,,daily,regular,1,half,0.500,100,,0,0,0,0,0,0,,food_analysis_1748479008459,,
9,Herring Under a Fur Coat Salad,50.00,270.00,9.00,19.50,18.00,,false,2025-05-29 02:08:50.483904+00,2025-05-29 02:08:50.483904+00,,https://firebasestorage.googleapis.com/v0/b/nutrichecker-41993.firebasestorage.app/o/food_analysis%2F1748484455989.jpg?alt=media&token=d4ef459a-263a-4cf3-a8f7-af0708d2ee6f,2025052718082522252@nutrichecker.top,"[{""name"": ""herring""}, {""name"": ""potatoes""}, {""name"": ""carrots""}, {""name"": ""beets""}, {""name"": ""mayonnaise""}, {""name"": ""onions""}]",Single portion of layered herring salad in a plastic container,6.00,3.80,1.20,55,9.00,"[""A"", ""C"", ""B6""]","[""Potassium"", ""Selenium"", ""Sodium""]","[[""Good source of vitamins and minerals from vegetables""]]","[""High in calories and fat due to mayonnaise"", ""High sodium content from herring and mayonnaise""]",45,"Best consumed in moderation as part of an occasional meal due to its high calorie, fat, and sodium content.",,ru,,true,,,,occasionally,regular,1,half,0.500,100,,0,0,0,0,0,0,,food_analysis_1748484477772,,
10,Turkey and Vegetable Sandwich,50.00,175.00,12.50,5.00,20.00,,false,2025-05-30 22:03:34.344721+00,2025-05-30 22:03:34.344721+00,,https://firebasestorage.googleapis.com/v0/b/nutrichecker-41993.firebasestorage.app/o/food_analysis%2F1748478990485.jpg?alt=media&token=5ddfa823-8f2b-48c7-9f8e-2418643d23a7,2025052518383533341@nutrichecker.top,"[{""name"": ""whole wheat bread""}, {""name"": ""sliced turkey breast""}, {""name"": ""lettuce""}, {""name"": ""tomato""}]","One whole sandwich, cut in half",2.50,3.00,0.80,55,2.00,"[""A"", ""C"", ""B6"", ""B12""]","[""Iron"", ""Potassium"", ""Zinc""]","[[""High protein content""]]","[""Moderate sodium content""]",80,Can be consumed as a balanced meal for lunch or a substantial snack.,,ru,,true,,,,daily,regular,1,half,0.500,100,,0,0,0,0,0,0,,food_analysis_1748479008459,,
11,Salami and Cheese Sandwiches,100.00,520.00,23.00,32.00,36.00,,false,2025-05-31 13:07:33.975323+00,2025-05-31 13:07:33.975323+00,,https://firebasestorage.googleapis.com/v0/b/nutrichecker-41993.firebasestorage.app/o/food_analysis%2F1748696798123.jpg?alt=media&token=7bc50e8e-450c-4f3c-b65d-d3b676497998,2025052708443239565@nutrichecker.top,"[{""name"": ""rye bread""}, {""name"": ""salami""}, {""name"": ""cheddar cheese""}, {""name"": ""butter""}]",Two open-faced sandwiches with salami and cheese on rye bread,3.00,7.00,1.00,45,15.50,"[""B vitamins"", ""D"", ""A""]","[""Calcium"", ""Iron"", ""Phosphorus""]","[[""Good source of protein""]]","[""High in saturated fat"", ""High in sodium""]",55,"Due to high fat and sodium content, best consumed in moderation.",,ru,,true,,,,1-2 times per week,regular,1,all,1.000,100,,0,0,0,0,0,0,,food_analysis_1748696826005,,
12,Black Coffee,100.00,4.00,0.30,0.00,0.00,,false,2025-05-31 13:08:17.733658+00,2025-05-31 13:08:17.733658+00,,https://firebasestorage.googleapis.com/v0/b/nutrichecker-41993.firebasestorage.app/o/food_analysis%2F1748696865784.jpg?alt=media&token=33495b73-fd8c-44b1-89ab-8eef11517571,2025052708443239565@nutrichecker.top,"[{""name"": ""water""}, {""name"": ""coffee grounds""}]",Regular cup of black coffee,0.00,,0.01,,0.00,[],"[""Potassium"", ""Magnesium""]","[[""Contains antioxidants""]]","[""Can cause jitters or sleep disturbances in sensitive individuals or when consumed in excess""]",85,"Can be consumed daily as part of a balanced diet, preferably without added sugar or excessive milk/cream.",,ru,,true,,,,daily,regular,1,all,1.000,100,,0,0,0,0,0,0,,food_analysis_1748696882875,,
13,Black Tea,100.00,2.00,0.00,0.00,0.00,,false,2025-05-31 13:09:06.250209+00,2025-05-31 13:09:06.250209+00,,https://firebasestorage.googleapis.com/v0/b/nutrichecker-41993.firebasestorage.app/o/food_analysis%2F1748696916443.jpg?alt=media&token=b99d09f7-6cc8-4d6b-afb3-86eb1ea5d52f,2025052708443239565@nutrichecker.top,"[{""name"": ""water""}, {""name"": ""black tea leaves""}]",A mug of black tea with a tea bag,0.00,,0.01,,0.00,[],"[""Fluoride"", ""Manganese""]","[[""Hydrating""]]","[""Caffeine content might affect sleep or cause jitters in sensitive individuals""]",90,Can be consumed daily as a hydrating beverage.,,ru,,true,,,,daily,regular,1,all,1.000,100,,0,0,0,0,0,0,,food_analysis_1748696934843,,
14,Castell Green Olives,25.00,65.00,0.50,6.80,1.80,,false,2025-05-31 13:10:03.854364+00,2025-05-31 13:10:03.854364+00,,https://firebasestorage.googleapis.com/v0/b/nutrichecker-41993.firebasestorage.app/o/food_analysis%2F1748696962247.jpg?alt=media&token=448637ff-3b34-454a-9d1b-bdf11732f246,2025052708443239565@nutrichecker.top,"[{""name"": ""green olives""}, {""name"": ""water""}, {""name"": ""salt""}]","Full package of green olives, drained weight",0.00,1.40,1.17,15,3.60,"[""E"", ""A""]","[""Iron"", ""Copper"", ""Calcium""]","[[""Good source of healthy monounsaturated fats""]]","[""High sodium content""]",60,"Consume in moderation due to high sodium content, especially for individuals monitoring sodium intake.",,ru,,true,,,,2-3 times per week,regular,1,quarter,0.250,100,,0,0,0,0,0,0,,food_analysis_1748696981949,,
15,Peach,100.00,68.00,1.60,0.40,17.40,,false,2025-05-31 14:12:44.723015+00,2025-05-31 14:12:44.723015+00,,https://firebasestorage.googleapis.com/v0/b/nutrichecker-41993.firebasestorage.app/o/food_analysis%2F1748700678406.jpg?alt=media&token=9e70f29c-c5d2-4ee3-9ced-a18c28fd3712,2025052813545040996@nutrichecker.top,"[{""name"": ""peach""}]",Single medium-sized peach,14.60,2.80,0.00,42,0.00,"[""C"", ""A""]","[""Potassium""]","[[""Good source of Vitamin C and A""]]",[],90,Excellent as a healthy snack or part of a balanced meal,,ru,,true,,,,daily,regular,1,all,1.000,100,,0,0,0,0,0,0,,food_analysis_1748700756223,,
16,Cured Meats on Bread,65.00,488.00,22.10,28.60,26.70,,false,2025-06-01 12:05:47.034624+00,2025-06-01 12:05:47.034624+00,,https://firebasestorage.googleapis.com/v0/b/nutrichecker-41993.firebasestorage.app/o/food_analysis%2F1748779493662.jpg?alt=media&token=ef730802-4ecd-457b-839c-2ad093a9ffd5,2025052708443239565@nutrichecker.top,"[{""name"": ""bread""}, {""name"": ""salami""}, {""name"": ""coppa (cured pork)""}]",Four pieces of bread topped with a variety of cured meats,1.30,1.30,2.60,55,18.00,"[""B1"", ""B3"", ""B6"", ""B12""]","[""Iron"", ""Zinc"", ""Selenium""]","[[""Good source of protein""]]","[""Very high in saturated fat"", ""Extremely high in sodium"", ""High calorie content for the portion size""]",35,"Should be consumed sparingly and in small amounts as part of a balanced diet, due to its high fat and sodium content. Consider as an occasional treat.",,ru,,true,,,,rarely,regular,1,half,0.650,100,,0,0,0,0,0,0,,food_analysis_1748779517691,,
17,Castell Green Olives,25.00,65.00,0.50,6.80,1.80,,false,2025-06-01 12:06:34.94599+00,2025-06-01 12:06:34.94599+00,,https://firebasestorage.googleapis.com/v0/b/nutrichecker-41993.firebasestorage.app/o/food_analysis%2F1748696962247.jpg?alt=media&token=448637ff-3b34-454a-9d1b-bdf11732f246,2025052708443239565@nutrichecker.top,"[{""name"": ""green olives""}, {""name"": ""water""}, {""name"": ""salt""}]","Full package of green olives, drained weight",0.00,1.40,1.17,15,3.60,"[""E"", ""A""]","[""Iron"", ""Copper"", ""Calcium""]","[[""Good source of healthy monounsaturated fats""]]","[""High sodium content""]",60,"Consume in moderation due to high sodium content, especially for individuals monitoring sodium intake.",,ru,,true,,,,2-3 times per week,regular,1,quarter,0.250,100,,0,0,0,0,0,0,,food_analysis_1748696981949,,
18,Black Tea,100.00,2.00,0.00,0.00,0.00,,false,2025-06-01 12:06:45.931678+00,2025-06-01 12:06:45.931678+00,,https://firebasestorage.googleapis.com/v0/b/nutrichecker-41993.firebasestorage.app/o/food_analysis%2F1748696916443.jpg?alt=media&token=b99d09f7-6cc8-4d6b-afb3-86eb1ea5d52f,2025052708443239565@nutrichecker.top,"[{""name"": ""water""}, {""name"": ""black tea leaves""}]",A mug of black tea with a tea bag,0.00,,0.01,,0.00,[],"[""Fluoride"", ""Manganese""]","[[""Hydrating""]]","[""Caffeine content might affect sleep or cause jitters in sensitive individuals""]",90,Can be consumed daily as a hydrating beverage.,,ru,,true,,,,daily,regular,1,all,1.000,100,,0,0,0,0,0,0,,food_analysis_1748696934843,,
19,Espresso Coffee,100.00,3.00,0.20,0.00,0.50,,false,2025-06-01 12:06:59.783098+00,2025-06-01 12:06:59.783098+00,,https://firebasestorage.googleapis.com/v0/b/nutrichecker-41993.firebasestorage.app/o/food_analysis%2F1748347263117.jpg?alt=media&token=f7855acb-1601-4085-a2cd-c228a08ea874,2025052708443239565@nutrichecker.top,"[{""name"": ""coffee beans""}, {""name"": ""water""}]",Single serving of espresso coffee in a cup,0.00,,0.01,,0.00,"[""Riboflavin (B2)"", ""Niacin (B3)""]","[""Potassium"", ""Magnesium"", ""Manganese""]","[[""Contains antioxidants""]]","[""High caffeine content can cause jitters or sleep disturbances in sensitive individuals"", ""Can cause acidity for some individuals""]",70,"Enjoyed in moderation as part of a balanced lifestyle, typically 1-3 cups per day for most adults.",,ru,,true,,,,daily,regular,1,all,1.000,100,,0,0,0,0,0,0,,food_analysis_1748347282140,,
20,Coffee Latte,100.00,220.00,12.00,10.00,18.00,,false,2025-06-01 13:22:19.665765+00,2025-06-01 13:22:19.665765+00,,https://firebasestorage.googleapis.com/v0/b/nutrichecker-41993.firebasestorage.app/o/food_analysis%2F1748784106560.jpg?alt=media&token=0a85a45f-323a-4c18-8b84-878082c82196,2025052708443239565@nutrichecker.top,"[{""name"": ""coffee""}, {""name"": ""milk""}]",Large glass of latte,18.00,,0.15,35,6.00,"[""A"", ""D"", ""B12""]","[""Calcium"", ""Phosphorus"", ""Potassium""]","[[""Good source of calcium""]]","[""Moderate saturated fat content if made with whole milk"", ""Sugar content from milk lactose""]",65,"Can be consumed daily as part of a balanced diet, ideally unsweetened and with lower-fat milk options to reduce saturated fat intake.",,ru,,true,,,,daily,regular,1,all,1.000,100,,0,0,0,0,0,0,,food_analysis_1748784127635,,
21,Medialunas and Black Tea,100.00,455.00,8.00,25.00,65.00,,false,2025-06-01 13:24:59.917564+00,2025-06-01 13:24:59.917564+00,,https://firebasestorage.googleapis.com/v0/b/nutrichecker-41993.firebasestorage.app/o/food_analysis%2F1748784171102.jpg?alt=media&token=c9b1ceb3-d4af-4764-932d-5af4e6fb2cf8,2025052708443239565@nutrichecker.top,"[{""name"": ""wheat flour""}, {""name"": ""butter""}, {""name"": ""sugar""}, {""name"": ""yeast""}, {""name"": ""milk""}, {""name"": ""eggs""}, {""name"": ""salt""}, {""name"": ""water""}, {""name"": ""black tea leaves""}]",Two medialunas (small croissants) and one mug of black tea,20.00,1.50,0.40,75,12.00,[],[],"[[""Provides quick energy""]]","[""High in refined carbohydrates"", ""High sugar content"", ""High in saturated fats""]",40,Best consumed occasionally as a treat due to high sugar and fat content from the pastries.,,ru,,true,,,,occasionally,regular,1,all,1.000,100,,0,0,0,0,0,0,,food_analysis_1748784208140,,
22,Gourmet Sandwich with Potato Wedges and Dipping Sauce,70.00,945.00,21.00,59.50,70.00,,false,2025-06-01 13:51:47.66948+00,2025-06-01 13:51:47.66948+00,,https://firebasestorage.googleapis.com/v0/b/nutrichecker-41993.firebasestorage.app/o/food_analysis%2F1748785799068.jpg?alt=media&token=0defe6cc-9d49-4656-8c66-2e0d509e7d40,2025052708443239565@nutrichecker.top,"[{""name"": ""bread""}, {""name"": ""cured meat""}, {""name"": ""cheese""}, {""name"": ""lettuce""}, {""name"": ""tomato""}, {""name"": ""mayonnaise-based sauce""}, {""name"": ""potatoes""}, {""name"": ""cooking oil""}, {""name"": ""salt""}]","One large sandwich cut in half, a generous serving of potato wedges, and a small cup of dipping sauce",3.50,7.00,3.00,65,20.00,"[""Vitamin C"", ""Vitamin B6"", ""Folate""]","[""Potassium"", ""Iron"", ""Calcium"", ""Sodium""]","[[""Good source of energy""]]","[""High in calories, fat, and saturated fat"", ""High sodium content"", ""Significant carbohydrate load from bread and fried potatoes""]",45,"This is a substantial meal, best consumed occasionally or as a main meal with careful consideration of other daily intake.",,ru,,true,,,,occasionally,small,1,all,0.700,100,,0,0,0,0,0,0,,food_analysis_1748785824301,,
23,Ciabatta Sandwich Plate with Salad and Chips,75.00,675.00,22.50,52.50,75.00,,false,2025-06-01 13:53:20.951416+00,2025-06-01 13:53:20.951416+00,,https://firebasestorage.googleapis.com/v0/b/nutrichecker-41993.firebasestorage.app/o/food_analysis%2F1748785934039.jpg?alt=media&token=b350c9ed-e178-4a32-b502-d055e6258147,2025052708443239565@nutrichecker.top,"[{""name"": ""ciabatta bread""}, {""name"": ""prosciutto or ham""}, {""name"": ""cheese""}, {""name"": ""creamy spread (e.g., cream cheese or aioli)""}, {""name"": ""lettuce""}, {""name"": ""cherry tomatoes""}, {""name"": ""sesame seeds""}, {""name"": ""potatoes""}, {""name"": ""vegetable oil""}, {""name"": ""salt""}, {""name"": ""mayonnaise or aioli (for dip)""}]","One ciabatta sandwich, a small side salad, and a small portion of potato chips with dip.",6.00,7.50,2.50,65,20.00,"[""A"", ""C"", ""K"", ""B Complex""]","[""Potassium"", ""Iron"", ""Calcium""]","[[""Provides significant energy""]]","[""High in calories, fat, and saturated fat due to fried chips, cheese, and creamy spread"", ""High sodium content""]",55,"A substantial meal, best consumed in moderation as part of a varied diet. Consider balancing with lighter meals during the day.",,ru,,true,,,,1-2 times per week,regular,1,three_quarters,0.750,100,,0,0,0,0,0,0,,food_analysis_1748785963435,,
24,Сэндвич с индейкой на цельнозерновом хлебе,100.00,400.00,30.00,12.00,40.00,,false,2025-06-02 01:02:39.415497+00,2025-06-02 01:02:39.415497+00,,https://firebasestorage.googleapis.com/v0/b/nutrichecker-41993.firebasestorage.app/o/food_analysis%2F1748808912493.jpg?alt=media&token=ac465bf3-5ab8-42fc-a720-9972fc8c8ba2,2025053023182565303@nutrichecker.top,"[{""name"": ""цельнозерновой хлеб""}, {""name"": ""нарезанная грудка индейки""}, {""name"": ""салат""}, {""name"": ""помидор""}]","Один целый сэндвич, разрезанный пополам",5.00,5.00,0.80,55,3.00,"[""A"", ""C"", ""B Vitamins""]","[""Iron"", ""Potassium""]","[[""Высокое содержание белка""]]","[""Содержание натрия может варьироваться в зависимости от мясной нарезки""]",80,"Сбалансированное блюдо, подходящее для ежедневного употребления",,ru,,true,,,,ежедневно,regular,1,all,1.000,100,,0,0,0,0,0,0,,food_analysis_1748808938604,,
25,Банан,100.00,105.00,1.30,0.40,27.00,,false,2025-06-02 01:05:12.228088+00,2025-06-02 01:05:12.228088+00,,https://firebasestorage.googleapis.com/v0/b/nutrichecker-41993.firebasestorage.app/o/food_analysis%2F1748826284158.jpg?alt=media&token=1d4c9481-6a02-4ad2-af2b-3860e84bf59d,2025053023182565303@nutrichecker.top,"[{""name"": ""банан""}]",Один средний банан на тарелке,14.00,3.10,0.00,51,0.10,"[""C"", ""B6""]","[""Potassium"", ""Magnesium""]","[[""Хороший источник калия""]]","[""Относительно высокое содержание натуральных сахаров, но сбалансировано клетчаткой""]",90,"Отлично подходит для быстрого перекуса, перед тренировкой или как часть завтрака. Может употребляться ежедневно как часть сбалансированной диеты.",,ru,,true,,,,ежедневно,regular,1,all,1.000,100,,0,0,0,0,0,0,,food_analysis_1748826301012,,
26,Сэндвич с индейкой на цельнозерновом хлебе,50.00,200.00,15.00,6.00,20.00,,false,2025-06-02 01:10:12.9004+00,2025-06-02 01:10:12.9004+00,,https://firebasestorage.googleapis.com/v0/b/nutrichecker-41993.firebasestorage.app/o/food_analysis%2F1748808912493.jpg?alt=media&token=ac465bf3-5ab8-42fc-a720-9972fc8c8ba2,2025053023182565303@nutrichecker.top,"[{""name"": ""цельнозерновой хлеб""}, {""name"": ""нарезанная грудка индейки""}, {""name"": ""салат""}, {""name"": ""помидор""}]","Один целый сэндвич, разрезанный пополам",2.50,2.50,0.80,55,3.00,"[""A"", ""C"", ""B Vitamins""]","[""Iron"", ""Potassium""]","[[""Высокое содержание белка""]]","[""Содержание натрия может варьироваться в зависимости от мясной нарезки""]",80,"Сбалансированное блюдо, подходящее для ежедневного употребления",,ru,,true,,,,ежедневно,regular,1,half,0.500,100,,0,0,0,0,0,0,,food_analysis_1748808938604,,
27,Банан,100.00,105.00,1.30,0.30,27.00,,false,2025-06-02 01:40:38.080958+00,2025-06-02 01:40:38.080958+00,,https://firebasestorage.googleapis.com/v0/b/nutrichecker-41993.firebasestorage.app/o/food_analysis%2F1748828408441.jpg?alt=media&token=71fbab37-73ce-454b-8e4a-4747c0841547,2025053023182565303@nutrichecker.top,"[{""name"": ""банан""}]",Один средний банан на тарелке,14.00,3.10,0.00,51,0.10,"[""C"", ""B6""]","[""Potassium"", ""Magnesium"", ""Manganese""]","[[""Отличный источник калия""]]","[""Умеренное содержание натурального сахара (для людей, контролирующих потребление сахара)""]",90,"Можно употреблять ежедневно как часть сбалансированного питания, особенно полезно до или после физической активности.",,ru,,true,,,,ежедневно,regular,1,all,1.000,100,,0,0,0,0,0,0,,food_analysis_1748828426837,,
28,Поджаренный сэндвич с мясной нарезкой,100.00,450.00,25.00,20.00,45.00,,false,2025-06-02 12:02:11.530538+00,2025-06-02 12:02:11.530538+00,,https://firebasestorage.googleapis.com/v0/b/nutrichecker-41993.firebasestorage.app/o/food_analysis%2F1748863461676.jpg?alt=media&token=9b835624-e8ee-4fcf-ad48-8ddafac52cb3,2025053023182565303@nutrichecker.top,"[{""name"": ""поджаренный хлеб""}, {""name"": ""салат""}, {""name"": ""помидор""}, {""name"": ""красный лук""}, {""name"": ""мясная нарезка (например, ветчина или индейка)""}]",Две половинки сэндвича на тарелке,6.00,5.00,1.10,55,7.00,"[""A"", ""C"", ""K"", ""B vitamins""]","[""Potassium"", ""Iron"", ""Calcium""]","[[""Хороший источник белка""]]","[""Может быть с высоким содержанием натрия из-за мясной нарезки"", ""Содержание жира может варьироваться в зависимости от мяса и намазок""]",70,Может быть хорошим выбором для еды; рассмотрите более постные виды мясной нарезки и цельнозерновой хлеб для максимальной пользы для здоровья.,,ru,,true,,,,3-4 раза в неделю,regular,1,all,1.000,100,,0,0,0,0,0,0,,food_analysis_1748863483047,,
29,Банан,100.00,105.00,1.30,0.30,27.00,,false,2025-06-02 13:13:26.620643+00,2025-06-02 13:13:26.620643+00,,https://firebasestorage.googleapis.com/v0/b/nutrichecker-41993.firebasestorage.app/o/food_analysis%2F1748869976099.jpg?alt=media&token=6cd5f468-cf0f-4a39-82de-dc2be899d6d3,2025053023182565303@nutrichecker.top,"[{""name"": ""банан""}]",Один средний банан на тарелке,14.00,3.10,0.00,51,0.10,"[""C"", ""B6""]","[""Potassium"", ""Magnesium""]","[[""Хороший источник калия""]]","[""Относительно высокое содержание натуральных сахаров, но сбалансированное клетчаткой""]",90,"Отлично подходит для быстрого перекуса или в составе завтрака, подходит для ежедневного употребления.",,ru,,true,,,,ежедневно,regular,1,all,1.000,100,,0,0,0,0,0,0,,food_analysis_1748869994165,,
30,Поджаренный сэндвич,100.00,300.00,25.00,25.00,45.00,,false,2025-06-02 13:20:32.817315+00,2025-06-02 13:20:32.817315+00,,https://firebasestorage.googleapis.com/v0/b/nutrichecker-41993.firebasestorage.app/o/food_analysis%2F1748867413495.jpg?alt=media&token=361d2d82-8d8a-463a-b23b-5eab900443f3,2025053023182565303@nutrichecker.top,"[{""name"": ""поджаренный хлеб""}, {""name"": ""салат""}, {""name"": ""помидор""}, {""name"": ""красный лук""}, {""name"": ""нарезанная ветчина""}, {""name"": ""сыр""}]","Один большой сэндвич, разрезанный пополам",5.00,6.00,1.20,55,10.00,"[""B vitamins"", ""C"", ""K"", ""A""]","[""Iron"", ""Calcium"", ""Potassium"", ""Zinc""]","[[""Хороший источник белка""]]","[""Может быть высоким по содержанию натрия из-за обработанного мяса и сыра"", ""Умеренное содержание насыщенных жиров""]",68,"Подходит для сбалансированного обеда или легкого ужина, может регулярно употребляться как часть разнообразной диеты.",,ru,,true,,,,ежедневно,regular,1,all,1.000,100,,0,0,0,0,0,0,,food_analysis_1748867433168,,
31,Банан,100.00,100.00,1.30,0.30,27.00,,false,2025-06-02 13:20:53.903712+00,2025-06-02 13:20:53.903712+00,,https://firebasestorage.googleapis.com/v0/b/nutrichecker-41993.firebasestorage.app/o/food_analysis%2F1748869976099.jpg?alt=media&token=6cd5f468-cf0f-4a39-82de-dc2be899d6d3,2025053023182565303@nutrichecker.top,"[{""name"": ""банан""}]",Один средний банан на тарелке,14.00,3.10,0.00,51,0.10,"[""C"", ""B6""]","[""Potassium"", ""Magnesium""]","[[""Хороший источник калия""]]","[""Относительно высокое содержание натуральных сахаров, но сбалансированное клетчаткой""]",90,"Отлично подходит для быстрого перекуса или в составе завтрака, подходит для ежедневного употребления.",,ru,,true,,,,ежедневно,regular,1,all,1.000,100,,0,0,0,0,0,0,,food_analysis_1748869994165,,
32,Банан,100.00,100.00,1.30,0.30,27.00,,false,2025-06-02 13:21:54.691751+00,2025-06-02 13:21:54.691751+00,,https://firebasestorage.googleapis.com/v0/b/nutrichecker-41993.firebasestorage.app/o/food_analysis%2F1748869976099.jpg?alt=media&token=6cd5f468-cf0f-4a39-82de-dc2be899d6d3,2025053023182565303@nutrichecker.top,"[{""name"": ""банан""}]",Один средний банан на тарелке,14.00,3.10,0.00,51,0.10,"[""C"", ""B6""]","[""Potassium"", ""Magnesium""]","[[""Хороший источник калия""]]","[""Относительно высокое содержание натуральных сахаров, но сбалансированное клетчаткой""]",90,"Отлично подходит для быстрого перекуса или в составе завтрака, подходит для ежедневного употребления.",,ru,,true,,,,ежедневно,regular,1,all,1.000,100,,0,0,0,0,0,0,,food_analysis_1748869994165,,
33,Банан,200.00,200.00,2.60,0.60,54.00,,false,2025-06-02 13:22:14.212157+00,2025-06-02 13:22:14.212157+00,,https://firebasestorage.googleapis.com/v0/b/nutrichecker-41993.firebasestorage.app/o/food_analysis%2F1748869976099.jpg?alt=media&token=6cd5f468-cf0f-4a39-82de-dc2be899d6d3,2025053023182565303@nutrichecker.top,"[{""name"": ""банан""}]",Один средний банан на тарелке,28.00,6.20,0.00,51,0.10,"[""C"", ""B6""]","[""Potassium"", ""Magnesium""]","[[""Хороший источник калия""]]","[""Относительно высокое содержание натуральных сахаров, но сбалансированное клетчаткой""]",90,"Отлично подходит для быстрого перекуса или в составе завтрака, подходит для ежедневного употребления.",,ru,,true,,,,ежедневно,regular,2,all,2.000,100,,0,0,0,0,0,0,,food_analysis_1748869994165,,
34,Банан,100.00,100.00,1.30,0.30,27.00,,false,2025-06-04 15:53:50.114469+00,2025-06-04 15:53:50.114469+00,,https://firebasestorage.googleapis.com/v0/b/nutrichecker-41993.firebasestorage.app/o/food_analysis%2F1748869976099.jpg?alt=media&token=6cd5f468-cf0f-4a39-82de-dc2be899d6d3,2025053023182565303@nutrichecker.top,"[{""name"": ""банан""}]",Один средний банан на тарелке,14.00,3.10,0.00,51,0.10,"[""C"", ""B6""]","[""Potassium"", ""Magnesium""]","[[""Хороший источник калия""]]","[""Относительно высокое содержание натуральных сахаров, но сбалансированное клетчаткой""]",90,"Отлично подходит для быстрого перекуса или в составе завтрака, подходит для ежедневного употребления.",,ru,,true,,,,ежедневно,regular,1,all,1.000,100,,0,0,0,0,0,0,,food_analysis_1748869994165,,
35,Banana,200.00,210.00,2.60,0.80,54.00,,false,2025-06-05 02:38:50.56631+00,2025-06-05 02:38:50.56631+00,,https://firebasestorage.googleapis.com/v0/b/nutrichecker-41993.firebasestorage.app/o/food_analysis%2F1749091097873.jpg?alt=media&token=564343f7-5ab5-416c-85b9-ae64dbb68130,2025060423344681850@nutrichecker.top,"[{""name"": ""banana""}]",One medium banana on a plate,28.00,6.20,0.00,51,0.10,"[""C"", ""B6""]","[""Potassium"", ""Magnesium""]","[[""Good source of potassium for heart health""]]",[],90,Can be consumed daily as part of a healthy and balanced diet,,ru,,true,,,,daily,regular,2,all,2.000,100,,0,0,0,0,0,0,,food_analysis_1749091116581,,
36,Сэндвич с индейкой и овощами,100.00,300.00,25.00,8.00,35.00,,false,2025-06-06 00:19:26.179102+00,2025-06-06 00:19:26.179102+00,,https://firebasestorage.googleapis.com/v0/b/nutrichecker-41993.firebasestorage.app/o/food_analysis%2F1749169128565.jpg?alt=media&token=7409da4d-8aac-4b68-909e-bb8468250828,2025060519333988633@nutrichecker.top,"[{""name"": ""цельнозерновой хлеб""}, {""name"": ""нарезанная грудка индейки""}, {""name"": ""салат""}, {""name"": ""помидор""}]","Один целый сэндвич, разрезанный пополам",5.00,6.00,0.80,55,2.00,"[""A"", ""C"", ""K"", ""B6"", ""B12""]","[""Iron"", ""Potassium"", ""Zinc"", ""Selenium""]","[[""Хороший источник нежирного белка""]]","[""Умеренное содержание натрия в зависимости от используемой индейки и хлеба""]",85,"Отличный выбор для сбалансированного питания, подходит для ежедневного употребления как часть здоровой диеты.",,ru,,true,,,,ежедневно,regular,1,all,1.000,100,,0,0,0,0,0,0,,food_analysis_1749169149353,,
37,Сэндвич с индейкой,100.00,400.00,28.00,15.00,35.00,,false,2025-06-06 14:12:11.861655+00,2025-06-06 14:12:11.861655+00,,https://firebasestorage.googleapis.com/v0/b/nutrichecker-41993.firebasestorage.app/o/food_analysis%2F1749176255429.jpg?alt=media&token=6c830f70-8d08-4644-92d2-8679644830ee,2025060521563166367@nutrichecker.top,"[{""name"": ""цельнозерновой хлеб""}, {""name"": ""нарезанная грудка индейки""}, {""name"": ""салат""}, {""name"": ""помидор""}]","Один сэндвич, разрезанный пополам",3.00,6.00,1.00,50,3.00,"[""B3"", ""B6"", ""B12"", ""C"", ""K""]","[""Iron"", ""Zinc"", ""Selenium"", ""Potassium""]","[[""Высокое содержание белка""]]","[""Может быть с высоким содержанием натрия в зависимости от мясной нарезки из индейки""]",80,Может употребляться как сбалансированный прием пищи на обед или ужин,,ru,,true,,,,ежедневно,regular,1,all,1.000,100,,0,0,0,0,0,0,,food_analysis_1749176274767,,
38,Банан,100.00,105.00,1.30,0.40,27.00,,false,2025-06-06 14:45:19.306954+00,2025-06-06 14:45:19.306954+00,,https://firebasestorage.googleapis.com/v0/b/nutrichecker-41993.firebasestorage.app/o/food_analysis%2F1749221092112.jpg?alt=media&token=c0d7a73c-15b2-4247-916c-92e89b4f4995,2025060611433897080@nutrichecker.top,"[{""name"": ""банан""}]",Один средний банан,14.00,3.10,0.00,55,0.10,"[""C"", ""B6""]","[""Potassium"", ""Manganese""]","[[""Хороший источник калия""]]","[""Умеренное содержание сахара для тех, кто следит за потреблением сахара""]",90,Может употребляться как здоровый перекус или часть сбалансированного питания,,ru,,true,,,,ежедневно,regular,1,all,1.000,100,,0,0,0,0,0,0,,food_analysis_1749221107308,,
39,Сладкое печенье с овсом и изюмом,33.00,340.00,8.20,12.50,45.10,,false,2025-06-06 23:44:39.651303+00,2025-06-06 23:44:39.651303+00,,https://firebasestorage.googleapis.com/v0/b/nutrichecker-41993.firebasestorage.app/o/food_analysis%2F1749253423263.jpg?alt=media&token=fbf33fd0-4058-4c78-be68-f170ed3eea6e,2025060610563760851@nutrichecker.top,"[{""name"": ""обогащенная пшеничная мука""}, {""name"": ""овсяные хлопья быстрого приготовления""}, {""name"": ""изюм""}, {""name"": ""сахар""}, {""name"": ""маргарин""}, {""name"": ""гидрогенизированный говяжий жир""}, {""name"": ""гидрогенизированное растительное масло""}, {""name"": ""глюкоза""}, {""name"": ""кукурузный сироп с высоким содержанием фруктозы""}, {""name"": ""глицерин (увлажнитель)""}, {""name"": ""бикарбонат натрия (разрыхлитель)""}, {""name"": ""бикарбонат аммония (разрыхлитель)""}, {""name"": ""соевый лецитин (эмульгатор)""}, {""name"": ""соль""}, {""name"": ""ароматизатор""}, {""name"": ""BHT (антиоксидант)""}, {""name"": ""карамель (краситель)""}]",Полная упаковка сладкого печенья с овсом и изюмом,10.90,4.80,0.56,,4.00,[],[],"[[""Хороший источник пищевых волокон""]]","[""Высокое содержание сахара"", ""Содержит гидрогенизированные жиры"", ""Содержит искусственные красители"", ""Содержит множественные аллергены (пшеница, овес, яйцо, соя, арахис, миндаль, производные молока)""]",45,"Лучше употреблять в умеренных количествах как случайное лакомство из-за высокого содержания сахара и жира. Не подходит для людей с аллергией на пшеницу, овес, яйцо, сою, арахис, миндаль или молоко.",,ru,,true,,,,изредка,regular,1,third,0.330,100,,0,0,0,0,0,0,,food_analysis_1749253450967,,
40,Сэндвич с индейкой и цельнозерновым хлебом,100.00,300.00,22.00,10.00,35.00,,false,2025-06-07 00:32:57.71293+00,2025-06-07 00:32:57.71293+00,,https://firebasestorage.googleapis.com/v0/b/nutrichecker-41993.firebasestorage.app/o/food_analysis%2F1749256320028.jpg?alt=media&token=85567ef5-fb95-4981-9aa3-e0ae94cd1bbc,2025060611433897080@nutrichecker.top,"[{""name"": ""цельнозерновой хлеб""}, {""name"": ""нарезанная грудка индейки""}, {""name"": ""салат""}, {""name"": ""помидор""}]",Один цельный сэндвич (две половинки),4.00,6.00,0.70,60,2.50,"[""A"", ""C"", ""B6"", ""B12""]","[""Iron"", ""Potassium"", ""Zinc""]","[[""Хороший источник нежирного белка""]]","[""Содержание натрия может варьироваться в зависимости от обработанной индейки и хлеба""]",80,"Сбалансированный и здоровый вариант приема пищи, подходящий для ежедневного употребления в рамках разнообразного рациона.",,ru,,true,,,,ежедневно,regular,1,all,1.000,100,,0,0,0,0,0,0,,food_analysis_1749256340182,,
41,Latte,100.00,180.00,10.00,9.00,15.00,,false,2025-06-07 12:18:40.841919+00,2025-06-07 12:18:40.841919+00,,https://firebasestorage.googleapis.com/v0/b/nutrichecker-41993.firebasestorage.app/o/food_analysis%2F1749298611337.jpg?alt=media&token=02e1ae4d-2b33-4013-a6aa-fa508b2cba9e,2025052813545040996@nutrichecker.top,"[{""name"": ""coffee""}, {""name"": ""milk""}, {""name"": ""sugar""}]",Standard mug of latte,15.00,,0.10,30,5.00,"[""D"", ""B12""]","[""Calcium"", ""Potassium""]","[[""Source of calcium""]]","[""Can be high in sugar if added"", ""Moderate fat content depending on milk choice""]",60,"Can be consumed daily as part of a balanced diet, preferably without excessive added sugar.",,ru,,true,,,,daily,regular,1,all,1.000,100,,0,0,0,0,0,0,,food_analysis_1749298627846,,
42,CoolBest 100% Juice Strawberry Hill,100.00,90.00,1.00,0.00,22.00,,false,2025-06-07 12:50:09.721281+00,2025-06-07 12:50:09.721281+00,,https://firebasestorage.googleapis.com/v0/b/nutrichecker-41993.firebasestorage.app/o/food_analysis%2F1749300571025.jpg?alt=media&token=15db57a1-1b8a-4c0f-8848-842daef2060d,2025052813545040996@nutrichecker.top,"[{""name"": ""strawberry juice""}, {""name"": ""orange juice""}, {""name"": ""other fruit juices (from concentrate)""}]",Small carton of fruit juice,20.00,1.00,0.01,45,0.00,"[""C""]","[""Potassium""]","[[""Good source of Vitamin C""]]","[""High natural sugar content"", ""Low fiber compared to whole fruit""]",60,Can be consumed as part of a balanced diet in moderation.,,ru,,true,,,,daily,regular,1,all,1.000,100,,0,0,0,0,0,0,,food_analysis_1749300598773,,
43,Сэндвич с индейкой и цельнозерновым хлебом,100.00,300.00,22.00,10.00,35.00,,false,2025-06-07 17:34:24.139213+00,2025-06-07 17:34:24.139213+00,,https://firebasestorage.googleapis.com/v0/b/nutrichecker-41993.firebasestorage.app/o/food_analysis%2F1749256320028.jpg?alt=media&token=85567ef5-fb95-4981-9aa3-e0ae94cd1bbc,2025060611433897080@nutrichecker.top,"[{""name"": ""цельнозерновой хлеб""}, {""name"": ""нарезанная грудка индейки""}, {""name"": ""салат""}, {""name"": ""помидор""}]",Один цельный сэндвич (две половинки),4.00,6.00,0.70,60,2.50,"[""A"", ""C"", ""B6"", ""B12""]","[""Iron"", ""Potassium"", ""Zinc""]","[[""Хороший источник нежирного белка""]]","[""Содержание натрия может варьироваться в зависимости от обработанной индейки и хлеба""]",80,"Сбалансированный и здоровый вариант приема пищи, подходящий для ежедневного употребления в рамках разнообразного рациона.",,ru,,true,,,,ежедневно,regular,1,all,1.000,100,,0,0,0,0,0,0,,food_analysis_1749256340182,,
44,Апельсин,500.00,330.00,6.50,1.00,82.50,,false,2025-06-07 23:35:23.618748+00,2025-06-07 23:35:23.618748+00,,https://firebasestorage.googleapis.com/v0/b/nutrichecker-41993.firebasestorage.app/o/food_analysis%2F1749339249168.jpg?alt=media&token=cacc67fc-f516-453a-947c-6c561890b722,2025060610563760851@nutrichecker.top,"[{""name"": ""апельсин""}]",Один средний апельсин,67.50,17.00,0.00,43,0.00,"[""C"", ""Folate"", ""Thiamine""]","[""Potassium"", ""Calcium""]","[[""Отличный источник витамина С""]]",[],95,Можно употреблять ежедневно в качестве полезного перекуса или части приема пищи,,ru,,true,,,,ежедневно,regular,5,all,5.000,100,,0,0,0,0,0,0,,food_analysis_1749339308935,,
45,Смесь для хлопьев с овсяными хлопьями и печеньем с изюмом,25.00,245.00,4.00,11.30,37.50,,false,2025-06-08 00:32:35.599388+00,2025-06-08 00:32:35.599388+00,,https://firebasestorage.googleapis.com/v0/b/nutrichecker-41993.firebasestorage.app/o/food_analysis%2F1749342578662.jpg?alt=media&token=b308b749-5f90-4ddb-bbec-28a90fb58aef,2025060611433897080@nutrichecker.top,"[{""name"": ""овсяное зерно""}, {""name"": ""подсолнечное масло с высоким содержанием олеиновой кислоты""}, {""name"": ""изюм""}, {""name"": ""пшеничная мука""}, {""name"": ""сахар""}, {""name"": ""разрыхлитель""}, {""name"": ""соль""}]",Полная упаковка печенья,17.50,2.00,0.30,55,5.00,"[""B1"", ""B5"", ""E"", ""K""]","[""Iron"", ""Potassium"", ""Magnesium""]","[""Хороший источник пищевых волокон из овса и изюма""]","[""Высокое содержание сахара"", ""Высокая калорийность"", ""Умеренное содержание жира""]",40,"Из-за высокого содержания сахара и калорий, лучше всего употреблять небольшими порциями в качестве случайного лакомства.",,ru,,false,,,,изредка,regular,1,quarter,0.250,100,,0,0,0,0,0,0,,food_analysis_1749342598570,,
46,Банан,75.00,79.00,1.00,0.20,20.30,,false,2025-06-08 00:39:54.203788+00,2025-06-08 00:39:54.203788+00,,https://firebasestorage.googleapis.com/v0/b/nutrichecker-41993.firebasestorage.app/o/food_analysis%2F1749342782374.jpg?alt=media&token=748a91e4-7e11-4b29-9cef-a2246ee773f5,2025060611433897080@nutrichecker.top,"[{""name"": ""банан""}]",Один средний банан на тарелке,10.50,2.30,0.00,51,0.10,"[""C"", ""B6""]","[""Potassium"", ""Manganese"", ""Magnesium""]","[""Хороший источник калия""]","[""Относительно высокое содержание природных сахаров""]",85,"Может включаться в ежедневный рацион как часть сбалансированной диеты, отлично подходит для быстрого прилива энергии или восстановления после тренировки.",,ru,,true,,,,ежедневно,regular,1,three_quarters,0.750,100,,0,0,0,0,0,0,,food_analysis_1749342794602,,
47,Сладкое печенье с овсом и изюмом,10.00,89.00,1.80,2.70,14.70,,false,2025-06-08 00:55:02.981551+00,2025-06-08 00:55:02.981551+00,,https://firebasestorage.googleapis.com/v0/b/nutrichecker-41993.firebasestorage.app/o/food_analysis%2F1749344042529.jpg?alt=media&token=1a027983-c140-48ad-bea2-c81e487f1ec6,2025060611433897080@nutrichecker.top,"[{""name"": ""обогащенная пшеничная мука""}, {""name"": ""сахар""}, {""name"": ""изюм""}, {""name"": ""высокоолеиновое подсолнечное масло""}, {""name"": ""овсяные хлопья""}, {""name"": ""сухое обезжиренное молоко""}, {""name"": ""соль""}, {""name"": ""рисовая мука""}, {""name"": ""бикарбонат аммония""}, {""name"": ""бикарбонат натрия""}, {""name"": ""моно- и диглицериды жирных кислот""}, {""name"": ""соевый лецитин""}, {""name"": ""сложные эфиры пропиленгликоля жирных кислот""}, {""name"": ""калиевые соли жирных кислот""}, {""name"": ""метабисульфит натрия""}, {""name"": ""искусственный ароматизатор dulce de leche""}, {""name"": ""натуральный ароматизатор аниса""}]",Полная упаковка печенья,5.20,0.60,0.49,,2.70,"[""Thiamine (B1)"", ""Riboflavin (B2)"", ""Niacin (B3)"", ""Folic Acid""]","[""Iron""]","[""Источник клетчатки из овса""]","[""Высокое содержание сахара"", ""Содержит искусственные ароматизаторы""]",50,Употребляйте в умеренных количествах как часть сбалансированной диеты из-за высокого содержания сахара.,,ru,,false,,,,2-3 раза в неделю,regular,1,tenth,0.100,100,,0,0,0,0,0,0,,food_analysis_1749344072065,,
48,Клубный сэндвич,100.00,530.00,38.00,28.00,45.00,,false,2025-06-08 00:56:19.824086+00,2025-06-08 00:56:19.824086+00,,https://firebasestorage.googleapis.com/v0/b/nutrichecker-41993.firebasestorage.app/o/food_analysis%2F1749344132195.jpg?alt=media&token=d5b4985b-7607-4c33-b1b4-5f80bbdd1017,2025060611433897080@nutrichecker.top,"[{""name"": ""тосты""}, {""name"": ""салат""}, {""name"": ""помидор""}, {""name"": ""красный лук""}, {""name"": ""мясная нарезка (вероятно""}, {""name"": ""индейка или ветчина)""}, {""name"": ""сыр""}, {""name"": ""майонез (предположительно)""}]",Две половинки большого сэндвича на тарелке,5.00,5.00,1.20,55,10.00,"[""A"", ""C"", ""B Vitamins"", ""D""]","[""Calcium"", ""Iron"", ""Potassium"", ""Sodium""]","[""Хороший источник белка""]","[""Может содержать много натрия из-за мясной нарезки и обработанного сыра"", ""умеренное содержание жира""]",70,Может быть сбалансированным вариантом питания. При возможности выбирайте цельнозерновой хлеб и нежирное мясо.,,ru,,false,,,,ежедневно,regular,1,all,1.000,100,,0,0,0,0,0,0,,food_analysis_1749344151093,,
49,Мини-багет,100.00,318.00,11.00,2.00,63.00,,false,2025-06-08 01:00:05.846094+00,2025-06-08 01:00:05.846094+00,,https://firebasestorage.googleapis.com/v0/b/nutrichecker-41993.firebasestorage.app/o/food_analysis%2F1749344363317.jpg?alt=media&token=5f1c3dc1-d558-4006-b613-55b53b91b5a9,2025060610563760851@nutrichecker.top,"[""пшеничная мука"", ""вода"", ""дрожжи"", ""соль""]",Один мини-багет,3.00,3.00,0.60,75,0.50,[],"[""Iron""]","[""Хороший источник углеводов для энергии""]","[""Высокий гликемический индекс"", ""умеренное содержание натрия""]",55,"Может быть частью сбалансированной диеты, предпочтительно употреблять в умеренных количествах, и обычно предпочтительны варианты из цельного зерна.",,ru,,false,,,,ежедневно,regular,1,all,1.000,100,,0,0,0,0,0,0,,food_analysis_1749344381707,,
50,COLON Мальбек красное вино,5.00,32.00,0.00,0.00,0.20,,false,2025-06-08 01:01:07.834497+00,2025-06-08 01:01:07.834497+00,,https://firebasestorage.googleapis.com/v0/b/nutrichecker-41993.firebasestorage.app/o/food_analysis%2F1749344432780.jpg?alt=media&token=d469dd67-0c4f-4ff3-9edc-bbb7ac0bff37,2025060610563760851@nutrichecker.top,"[{""name"": ""красное вино""}, {""name"": ""сульфиты""}]",Полная бутылка красного вина,0.20,,0.03,30,0.00,[],"[""Potassium""]","[[""Содержит антиоксиданты (ресвератрол)""]]","[""Содержит алкоголь"", ""Калорийность""]",50,"Употреблять умеренно, не рекомендуется для ежедневного употребления из-за содержания алкоголя.",,ru,,true,,,,редко,regular,1,sip,0.050,100,,0,0,0,0,0,0,,food_analysis_1749344448174,,
51,Мандарин,100.00,45.00,0.70,0.30,11.30,,false,2025-06-08 01:07:25.348593+00,2025-06-08 01:07:25.348593+00,,https://firebasestorage.googleapis.com/v0/b/nutrichecker-41993.firebasestorage.app/o/food_analysis%2F1749344809982.jpg?alt=media&token=e664610b-c14d-4288-a74b-5d74338ff06e,2025060610563760851@nutrichecker.top,"[{""name"": ""мандарин""}]",Один мандарин,9.00,1.50,0.00,47,0.00,"[""C"", ""A""]","[""Potassium"", ""Calcium""]","[""Высокое содержание витамина С""]",[],90,Отлично подходит для ежедневного употребления в рамках здорового питания,,ru,,true,,,,ежедневно,regular,1,all,1.000,100,,0,0,0,0,0,0,,food_analysis_1749344824485,,
52,Яблоко,100.00,95.00,0.50,0.30,25.00,,false,2025-06-08 01:08:17.413451+00,2025-06-08 01:08:17.413451+00,,https://firebasestorage.googleapis.com/v0/b/nutrichecker-41993.firebasestorage.app/o/food_analysis%2F1749344860359.jpg?alt=media&token=2c8d5758-8042-4c88-8e68-6c4642b8d87c,2025060610563760851@nutrichecker.top,"[{""name"": ""яблоко""}]",Одно среднее яблоко,19.00,4.40,0.00,36,0.05,"[""C"", ""K""]","[""Potassium"", ""Copper"", ""Manganese""]","[""Богато клетчаткой, способствующей пищеварению и сытости""]",[],90,Отличный ежедневный перекус или дополнение к блюдам для клетчатки и витаминов,,ru,,true,,,,ежедневно,regular,1,all,1.000,100,,0,0,0,0,0,0,,food_analysis_1749344873607,,
53,Смешанный зеленый салат с морковью и помидорами черри,100.00,70.00,3.00,0.50,12.00,,false,2025-06-08 01:18:22.191329+00,2025-06-08 01:18:22.191329+00,,https://firebasestorage.googleapis.com/v0/b/nutrichecker-41993.firebasestorage.app/o/food_analysis%2F1749345458132.jpg?alt=media&token=14bce3f0-9831-42bd-9d59-7a284467c5c7,2025060610563760851@nutrichecker.top,"[""руккола"", ""тертая морковь"", ""помидоры черри""]",Средняя порция смешанного зеленого салата,5.00,3.50,0.05,15,0.00,"[""A"", ""C"", ""K""]","[""Potassium"", ""Calcium""]","[[""Богат витаминами А, С и К""]]",[],90,Отлично подходит в качестве гарнира или легкого приема пищи в рамках сбалансированной диеты.,,ru,,true,,,,ежедневно,regular,1,all,1.000,100,,0,0,0,0,0,0,,food_analysis_1749345477574,,
54,Жареная утка,100.00,1400.00,88.00,105.00,0.00,,false,2025-06-08 01:20:40.880569+00,2025-06-08 01:20:40.880569+00,,https://firebasestorage.googleapis.com/v0/b/nutrichecker-41993.firebasestorage.app/o/food_analysis%2F1749345589054.jpg?alt=media&token=666893fe-df91-4b8c-9a7a-37a3b631c27c,2025060610563760851@nutrichecker.top,"[""утка"", ""соевый соус"", ""мед"", ""порошок пяти специй"", ""имбирь"", ""чеснок"", ""соль"", ""перец""]","Большая порция жареной утки с кожей, подается с небольшим кусочком хлеба/булочки",0.00,,0.80,,35.00,"[""B3 (Niacin)"", ""B5 (Pantothenic Acid)"", ""B6"", ""B12""]","[""Iron"", ""Zinc"", ""Selenium"", ""Phosphorus""]","[[""Отличный источник белка""]]","[""Высокое содержание общего жира и насыщенных жиров"", ""Может быть высокое содержание натрия из-за приправ""]",60,Лучше всего употреблять в умеренных количествах из-за высокого содержания жира.,,ru,,true,,,,изредка,regular,1,all,1.000,100,,0,0,0,0,0,0,,food_analysis_1749345608584,,
55,Упакованные багеты,25.00,313.00,11.30,1.30,62.50,,false,2025-06-08 02:14:42.739+00,2025-06-08 02:14:42.739+00,,https://firebasestorage.googleapis.com/v0/b/nutrichecker-41993.firebasestorage.app/o/food_analysis%2F1749348833387.jpg?alt=media&token=0f7dd875-0b4f-43c0-baf3-9924b54c3aa4,2025060610563760851@nutrichecker.top,"[{""name"": ""пшеничная мука""}, {""name"": ""вода""}, {""name"": ""дрожжи""}, {""name"": ""соль""}]","Упаковка, содержащая четыре маленьких багета",1.30,3.80,2.50,70,1.00,"[""B1"", ""B2"", ""B3""]","[""Iron"", ""Selenium""]","[""Хороший источник углеводов для энергии""]","[""Высокий гликемический индекс"", ""низкое содержание основных микроэлементов по сравнению с цельнозерновыми продуктами""]",50,"Может употребляться как часть сбалансированного питания, предпочтительно в умеренных количествах, в сочетании с белком и клетчаткой.",,ru,,false,,,,ежедневно (в умеренных количествах),regular,1,quarter,0.250,100,,0,0,0,0,0,0,,food_analysis_1749348849696,,
56,Сладкое печенье с овсом и изюмом,10.00,89.00,1.80,2.70,14.70,,false,2025-06-08 02:25:10.961916+00,2025-06-08 02:25:10.961916+00,,https://firebasestorage.googleapis.com/v0/b/nutrichecker-41993.firebasestorage.app/o/food_analysis%2F1749349399297.jpg?alt=media&token=e288e031-1483-4d3c-b88f-6ca9c2ba0d6c,2025060610563760851@nutrichecker.top,"[{""name"": ""обогащенная пшеничная мука""}, {""name"": ""сахар""}, {""name"": ""изюм""}, {""name"": ""высокоолеиновое подсолнечное масло""}, {""name"": ""овсяные хлопья""}, {""name"": ""сухое обезжиренное молоко""}, {""name"": ""соль""}, {""name"": ""рисовая мука""}, {""name"": ""гидрокарбонат аммония""}, {""name"": ""гидрокарбонат натрия""}, {""name"": ""моно- и диглицериды жирных кислот""}, {""name"": ""соевый лецитин""}, {""name"": ""сложные эфиры жирных кислот пропиленгликоля""}, {""name"": ""калиевые соли жирных кислот""}, {""name"": ""пиросульфит натрия""}, {""name"": ""ароматизатор искусственного сладкого молока""}, {""name"": ""натуральный ароматизатор аниса""}]",Полная упаковка печенья,5.20,0.80,0.50,,2.69,"[""Thiamine"", ""Riboflavin"", ""Niacin"", ""Folate""]","[""Iron""]","[""Содержит овес, который является хорошим источником клетчатки""]","[""Высокое содержание сахара"", ""содержит обработанные ингредиенты""]",55,"Лучше всего употреблять в умеренных количествах как часть сбалансированной диеты, из-за высокого содержания сахара.",,ru,,false,,,,2-3 раза в неделю,regular,1,tenth,0.100,100,,0,0,0,0,0,0,,food_analysis_1749349431488,,
57,Смесь для хлопьев Avena & Pasas Cookies,10.00,92.00,1.20,4.50,13.00,,false,2025-06-08 02:28:24.906332+00,2025-06-08 02:28:24.906332+00,,https://firebasestorage.googleapis.com/v0/b/nutrichecker-41993.firebasestorage.app/o/food_analysis%2F1749349639921.jpg?alt=media&token=983d331b-ca01-40ea-9ae1-5c8ef09fa822,2025060610563760851@nutrichecker.top,"[{""name"": ""Цельнозерновой овес""}, {""name"": ""Изюм""}, {""name"": ""Подсолнечное масло с высоким содержанием олеиновой кислоты""}, {""name"": ""Сахар""}, {""name"": ""Пшеничная мука""}, {""name"": ""Разрыхлители""}]",Полная упаковка сладкого печенья с овсом и изюмом,7.00,0.80,0.30,60,15.00,"[""B1"", ""B3"", ""B5"", ""E""]","[""Iron"", ""Magnesium"", ""Potassium""]","[""Источник энергии""]","[""Высокое содержание сахара"", ""Высокая калорийность"", ""Высокое содержание жира""]",35,Лучше всего употреблять в небольших количествах в качестве редкого лакомства из-за высокого содержания сахара и калорий.,,ru,,false,,,,изредка,regular,1,tenth,0.100,100,,0,0,0,0,0,0,,food_analysis_1749349659513,,
58,Cooked Duck Meat,100.00,674.00,56.00,50.00,0.00,,false,2025-06-08 08:46:29.33108+00,2025-06-08 08:46:29.33108+00,,https://firebasestorage.googleapis.com/v0/b/nutrichecker-41993.firebasestorage.app/o/food_analysis%2F1749372339100.jpg?alt=media&token=15f62cc0-56c5-4f64-ad0c-d60763396324,2025052813545040996@nutrichecker.top,"[{""name"": ""duck meat""}, {""name"": ""duck skin""}, {""name"": ""salt""}, {""name"": ""pepper""}]",Portion of cooked duck meat with skin,0.00,,0.14,,18.00,"[""B3 (Niacin)"", ""B6"", ""B12""]","[""Iron"", ""Selenium"", ""Phosphorus"", ""Zinc""]","[""Excellent source of high-quality protein""]","[""High in total fat"", ""High in saturated fat""]",60,Consume in moderation due to high fat content. Pair with vegetables and whole grains for a balanced meal.,,ru,,true,,,,1-2 times per week,regular,1,all,1.000,100,,0,0,0,0,0,0,,food_analysis_1749372356718,,
59,Сэндвич с багетным хлебом и салями,100.00,560.00,21.00,24.00,66.00,,false,2025-06-08 12:04:31.330855+00,2025-06-08 12:04:31.330855+00,,https://firebasestorage.googleapis.com/v0/b/nutrichecker-41993.firebasestorage.app/o/food_analysis%2F1749384227572.jpg?alt=media&token=7a270a83-757a-4003-bc4b-87cde347defc,2025060610563760851@nutrichecker.top,"[{""name"": ""багетный хлеб""}, {""name"": ""салями""}]",Один сэндвич с салями среднего размера в багете,1.00,3.00,1.50,65,8.00,"[""B1"", ""B2"", ""B3"", ""B12""]","[""Sodium"", ""Iron"", ""Zinc""]","[""Хороший источник белка""]","[""Высокое содержание насыщенных жиров"", ""Высокое содержание натрия"", ""Высокий гликемический индекс из-за белого хлеба""]",45,"Лучше всего употреблять в умеренных количествах как часть случайного приема пищи, а не как ежедневный продукт.",,ru,,false,,,,изредка,regular,1,all,1.000,100,,0,0,0,0,0,0,,food_analysis_1749384248536,,
60,Зеленые оливки,25.00,86.00,1.40,9.00,0.00,,false,2025-06-08 12:05:36.172241+00,2025-06-08 12:05:36.172241+00,,https://firebasestorage.googleapis.com/v0/b/nutrichecker-41993.firebasestorage.app/o/food_analysis%2F1749384292966.jpg?alt=media&token=9b1c7396-185a-453b-ae18-e5c0d5a88517,2025060610563760851@nutrichecker.top,"[{""name"": ""зеленые оливки""}, {""name"": ""вода""}, {""name"": ""соль""}, {""name"": ""молочная кислота""}, {""name"": ""лимонная кислота""}, {""name"": ""сорбат калия""}, {""name"": ""аскорбиновая кислота""}]",Полная упаковка зеленых оливок (около 200 г),0.00,1.40,4.28,,8.00,"[""E"", ""K"", ""A""]","[""Iron"", ""Copper"", ""Calcium""]","[""Богаты полезными мононенасыщенными жирами""]","[""Высокое содержание натрия""]",65,"Могут употребляться ежедневно в умеренных количествах как часть здорового питания, уделяя внимание потреблению натрия.",,ru,,true,,,,ежедневно,regular,1,quarter,0.250,100,,0,0,0,0,0,0,,food_analysis_1749384316477,,
61,Черный кофе,100.00,5.00,0.50,0.00,0.00,,false,2025-06-08 12:07:51.609309+00,2025-06-08 12:07:51.609309+00,,https://firebasestorage.googleapis.com/v0/b/nutrichecker-41993.firebasestorage.app/o/food_analysis%2F1749384427578.jpg?alt=media&token=9fa90395-1729-4d9a-b03d-9f414b2cdeb0,2025060610563760851@nutrichecker.top,"[{""name"": ""кофейные зерна""}, {""name"": ""вода""}]",Кружка черного кофе,0.00,,0.00,,0.00,"[""B2"", ""B3"", ""B5""]","[""Potassium"", ""Magnesium"", ""Manganese""]","[""Содержит антиоксиданты""]","[""Может вызывать дрожь или нарушения сна у чувствительных людей или при чрезмерном употреблении"", ""Может быть кислотным""]",80,Умеренное употребление (1-3 чашки) в день обычно считается здоровым для большинства взрослых,,ru,,true,,,,ежедневно,regular,1,all,1.000,100,,0,0,0,0,0,0,,food_analysis_1749384446347,,
62,Слайс шоколадно-вишневого торта,23.00,104.00,1.20,6.50,15.00,,false,2025-06-08 12:14:52.702372+00,2025-06-08 12:14:52.702372+00,,https://firebasestorage.googleapis.com/v0/b/nutrichecker-41993.firebasestorage.app/o/food_analysis%2F1749384842074.jpg?alt=media&token=ada738e8-f9b4-4277-a332-734312c18af2,2025060610563760851@nutrichecker.top,"[{""name"": ""пшеничная мука""}, {""name"": ""сахар""}, {""name"": ""яйца""}, {""name"": ""какао-порошок""}, {""name"": ""сливочное масло""}, {""name"": ""молоко""}, {""name"": ""разрыхлитель""}, {""name"": ""ванильный экстракт""}, {""name"": ""взбитые сливки""}, {""name"": ""вишня""}, {""name"": ""шоколадная стружка""}]",Частично съеденный кусок торта на тарелке,10.40,0.50,0.30,75,16.00,[],[],"[""Обеспечивает быстрой энергией""]","[""Высокое содержание сахара"", ""Высокое содержание насыщенных жиров"", ""Высокая калорийность""]",25,Рекомендуется употреблять в очень маленьких порциях и как редкое лакомство из-за высокого содержания сахара и жира.,,ru,,false,,,,редко,small,1,third,0.231,100,,0,0,0,0,0,0,,food_analysis_1749384864577,,
63,Очищенный мандарин,100.00,45.00,0.70,0.30,11.00,,false,2025-06-08 20:15:29.829676+00,2025-06-08 20:15:29.829676+00,,https://firebasestorage.googleapis.com/v0/b/nutrichecker-41993.firebasestorage.app/o/food_analysis%2F1749413692247.jpg?alt=media&token=54c2bae6-bb39-4dce-a0ea-d1102aaae07c,2025060610563760851@nutrichecker.top,"[{""name"": ""мандарин""}]",Один очищенный мандарин,9.00,1.50,0.00,47,0.00,"[""C"", ""A""]","[""Potassium"", ""Calcium""]","[""Высокое содержание витамина C""]",[],92,Отлично подходит для ежедневного употребления в качестве здорового перекуса или части приема пищи.,,ru,,true,,,,ежедневно,regular,1,all,1.000,100,,0,0,0,0,0,0,,food_analysis_1749413708918,,
64,Клубный сэндвич,100.00,530.00,38.00,28.00,45.00,,false,2025-06-08 22:45:53.749987+00,2025-06-08 22:45:53.749987+00,,https://firebasestorage.googleapis.com/v0/b/nutrichecker-41993.firebasestorage.app/o/food_analysis%2F1749344132195.jpg?alt=media&token=d5b4985b-7607-4c33-b1b4-5f80bbdd1017,2025060611433897080@nutrichecker.top,"[{""name"": ""тосты""}, {""name"": ""салат""}, {""name"": ""помидор""}, {""name"": ""красный лук""}, {""name"": ""мясная нарезка (вероятно""}, {""name"": ""индейка или ветчина)""}, {""name"": ""сыр""}, {""name"": ""майонез (предположительно)""}]",Две половинки большого сэндвича на тарелке,5.00,5.00,1.20,55,10.00,"[""A"", ""C"", ""B Vitamins"", ""D""]","[""Calcium"", ""Iron"", ""Potassium"", ""Sodium""]","[""Хороший источник белка""]","[""Может содержать много натрия из-за мясной нарезки и обработанного сыра"", ""умеренное содержание жира""]",70,Может быть сбалансированным вариантом питания. При возможности выбирайте цельнозерновой хлеб и нежирное мясо.,,ru,,false,,,,ежедневно,regular,1,all,1.000,100,,0,0,0,0,0,0,,food_analysis_1749344151093,,
65,Сладкое печенье с овсом и изюмом,100.00,894.00,18.40,26.90,147.00,,false,2025-06-08 23:13:47.678337+00,2025-06-08 23:13:47.678337+00,,https://firebasestorage.googleapis.com/v0/b/nutrichecker-41993.firebasestorage.app/o/food_analysis%2F1749344042529.jpg?alt=media&token=1a027983-c140-48ad-bea2-c81e487f1ec6,2025060611433897080@nutrichecker.top,"[{""name"": ""обогащенная пшеничная мука""}, {""name"": ""сахар""}, {""name"": ""изюм""}, {""name"": ""высокоолеиновое подсолнечное масло""}, {""name"": ""овсяные хлопья""}, {""name"": ""сухое обезжиренное молоко""}, {""name"": ""соль""}, {""name"": ""рисовая мука""}, {""name"": ""бикарбонат аммония""}, {""name"": ""бикарбонат натрия""}, {""name"": ""моно- и диглицериды жирных кислот""}, {""name"": ""соевый лецитин""}, {""name"": ""сложные эфиры пропиленгликоля жирных кислот""}, {""name"": ""калиевые соли жирных кислот""}, {""name"": ""метабисульфит натрия""}, {""name"": ""искусственный ароматизатор dulce de leche""}, {""name"": ""натуральный ароматизатор аниса""}]",Полная упаковка печенья,51.70,6.00,0.49,,2.70,"[""Thiamine (B1)"", ""Riboflavin (B2)"", ""Niacin (B3)"", ""Folic Acid""]","[""Iron""]","[""Источник клетчатки из овса""]","[""Высокое содержание сахара"", ""Содержит искусственные ароматизаторы""]",50,Употребляйте в умеренных количествах как часть сбалансированной диеты из-за высокого содержания сахара.,,ru,,false,,,,2-3 раза в неделю,regular,1,all,1.000,100,,0,0,0,0,0,0,,food_analysis_1749344072065,,
66,"Котлеты в панировке с зеленой фасолью, кукурузой и цельнозерновым хлебом",33.00,347.00,26.40,13.20,33.00,,false,2025-06-09 01:02:39.915401+00,2025-06-09 01:02:39.915401+00,,https://firebasestorage.googleapis.com/v0/b/nutrichecker-41993.firebasestorage.app/o/food_analysis%2F1749430886221.jpg?alt=media&token=416305e3-5f2d-460a-b2f5-62270c3771e1,2025060610563760851@nutrichecker.top,"[{""name"": ""филе курицы или рыбы""}, {""name"": ""панировочные сухари (мука, панировочные сухари, яйцо)""}, {""name"": ""растительное масло""}, {""name"": ""зеленая фасоль""}, {""name"": ""кукурузные зерна""}, {""name"": ""цельнозерновой хлеб""}, {""name"": ""соль""}, {""name"": ""перец""}]","Тарелка с двумя котлетами в панировке, щедрой порцией смеси зеленой фасоли и кукурузы и двумя ломтиками цельнозернового хлеба",2.60,3.60,0.80,60,12.00,"[""B1"", ""B2"", ""B3"", ""B5"", ""B6"", ""B9"", ""B12"", ""C"", ""K""]","[""Iron"", ""Magnesium"", ""Phosphorus"", ""Selenium"", ""Zinc""]","[""Высокое содержание белка для роста и восстановления мышц""]","[""Высокая калорийность из-за большого размера порции и способа панировки/жарки котлет"", ""умеренное содержание жира"", ""особенно из-за процесса жарки""]",70,"Это полноценное блюдо, которое может быть частью сбалансированной диеты. Чтобы уменьшить потребление калорий и жиров, рассмотрите возможность уменьшения порций или альтернативных способов приготовления белка, таких как запекание или жарка на гриле, вместо жарки.",,ru,,false,,,,3-4 раза в неделю,regular,1,third,0.330,100,,0,0,0,0,0,0,,food_analysis_1749430916790,,
67,Банан,100.00,105.00,1.30,0.30,27.00,,false,2025-06-09 14:17:05.612357+00,2025-06-09 14:17:05.612357+00,,https://firebasestorage.googleapis.com/v0/b/nutrichecker-41993.firebasestorage.app/o/food_analysis%2F1749478598116.jpg?alt=media&token=06280e46-f68c-4c2a-85d7-b644ba76920f,2025060611433897080@nutrichecker.top,"[{""name"": ""банан""}]",Один средний банан на тарелке,14.00,3.10,0.00,51,0.10,"[""C"", ""B6""]","[""Potassium"", ""Manganese"", ""Magnesium""]","[""Отличный источник калия""]","[""Относительно высокое содержание натуральных сахаров"", ""но сбалансировано клетчаткой""]",90,"Может употребляться в качестве полезного перекуса или части приема пищи, подходит для ежедневного употребления.",,ru,,true,,,,ежедневно,regular,1,all,1.000,100,,0,0,0,0,0,0,,food_analysis_1749478613732,,
68,Сэндвич с индейкой,100.00,380.00,25.00,15.00,40.00,,false,2025-06-11 19:06:28.320464+00,2025-06-11 19:06:28.320464+00,,https://firebasestorage.googleapis.com/v0/b/nutrichecker-41993.firebasestorage.app/o/food_analysis%2F1749667171225.jpg?alt=media&token=9dc9cd2c-2d23-4823-9d4d-dded6f9f58bc,2025060611433897080@nutrichecker.top,"[{""name"": ""хлеб из цельной пшеницы""}, {""name"": ""грудка индейки""}, {""name"": ""салат""}, {""name"": ""помидор""}]",Один большой сэндвич с индейкой,5.00,5.00,1.00,55,4.00,"[""A"", ""C"", ""B6"", ""B12"", ""Niacin""]","[""Iron"", ""Potassium"", ""Zinc"", ""Selenium""]","[""Хороший источник нежирного белка""]","[""Может быть высоким содержанием натрия в зависимости от типа индейки и используемых приправ""]",80,"Сбалансированный и полезный вариант питания, подходящий для обеда или ужина.",,ru,,false,,,,ежедневно,regular,1,all,1.000,100,,0,0,0,0,0,0,,food_analysis_1749667190331,,
69,Cereal Mix Oats & Raisins Cookies,33.00,323.00,4.60,15.80,44.60,,false,2025-06-11 22:00:45.330975+00,2025-06-11 22:00:45.330975+00,,https://firebasestorage.googleapis.com/v0/b/nutrichecker-41993.firebasestorage.app/o/food_analysis%2F1749679040318.jpg?alt=media&token=e2f04ce6-08da-48bf-bede-f23a332cede3,2025061118491622995@nutrichecker.top,"[{""name"": ""whole grain oats""}, {""name"": ""raisins""}, {""name"": ""high oleic sunflower oil""}, {""name"": ""sugar""}, {""name"": ""flour""}, {""name"": ""leavening agents""}, {""name"": ""salt""}]",Full package of cookies,21.50,4.30,0.60,68,15.00,"[""B1"", ""B3"", ""E""]","[""Iron"", ""Magnesium"", ""Potassium""]","[""Good source of energy""]","[""High sugar content"", ""High calorie content"", ""High fat content""]",45,Best consumed in moderation as an occasional treat due to high sugar and calorie content.,,ru,,true,,,,occasionally,regular,1,third,0.330,100,,0,0,0,0,0,0,,food_analysis_1749679059528,,
70,Roasted Duck with Bread and Side Dish,100.00,1250.00,66.00,88.00,35.00,,false,2025-06-11 23:47:22.336423+00,2025-06-11 23:47:22.336423+00,,https://firebasestorage.googleapis.com/v0/b/nutrichecker-41993.firebasestorage.app/o/food_analysis%2F1749685592290.jpg?alt=media&token=3f5e4c9a-bdf3-4f0c-8f70-28e9df05f0d1,2025061118491622995@nutrichecker.top,"[{""name"": ""duck meat""}, {""name"": ""duck skin""}, {""name"": ""bread (likely whole grain)""}, {""name"": ""side dumpling/fritter""}]",Large portion of roasted duck with a slice of bread and a side dumpling/fritter,3.00,5.00,0.64,45,29.00,"[""B3"", ""B5"", ""B6"", ""B12""]","[""Iron"", ""Phosphorus"", ""Selenium"", ""Zinc"", ""Magnesium""]","[""High protein content""]","[""Very high in total fat"", ""High in saturated fat"", ""Potentially high sodium depending on preparation""]",60,Best consumed in moderation due to high fat and saturated fat content. Can be part of a balanced meal.,,ru,,true,,,,1-2 times per week,regular,1,all,1.000,100,,1,0,0,0,0,0,,food_analysis_1749685612685,,
71,Cereal Mix Oats & Raisins Biscuits,25.00,263.00,3.80,11.30,40.00,,false,2025-06-11 23:48:54.153204+00,2025-06-11 23:48:54.153204+00,,https://firebasestorage.googleapis.com/v0/b/nutrichecker-41993.firebasestorage.app/o/food_analysis%2F1749685695927.jpg?alt=media&token=381fa173-0c8b-4085-a941-4c612a89ba4a,2025061118491622995@nutrichecker.top,"[{""name"": ""oat grain""}, {""name"": ""raisins""}, {""name"": ""high oleic sunflower oil""}, {""name"": ""sugar""}, {""name"": ""flour""}]",Entire package of oatmeal and raisin biscuits,22.50,3.00,1.50,55,15.00,"[""B1"", ""B5"", ""E""]","[""Iron"", ""Magnesium"", ""Potassium""]","[""Source of dietary fiber from oats""]","[""High sugar content"", ""Moderately high in fat""]",45,"Consume in moderation as part of a balanced diet, due to high sugar and fat content.",,ru,,false,,,,2-3 times per week,regular,1,quarter,0.250,100,,0,0,0,0,0,0,,food_analysis_1749685712963,,
72,Куриные котлеты в панировке со смесью овощей,50.00,500.00,37.50,25.50,40.00,,false,2025-06-12 00:48:12.195995+00,2025-06-12 00:48:12.195995+00,,https://firebasestorage.googleapis.com/v0/b/nutrichecker-41993.firebasestorage.app/o/food_analysis%2F1749689221491.jpg?alt=media&token=6b3b3f84-f1f2-493a-84c9-29c29a2fe188,2025060610563760851@nutrichecker.top,"[{""name"": ""куриная грудка""}, {""name"": ""панировка/мука""}, {""name"": ""яйца""}, {""name"": ""растительное масло""}, {""name"": ""зеленый горошек""}, {""name"": ""кубики моркови""}, {""name"": ""кукурузные зерна""}, {""name"": ""стручковая фасоль""}, {""name"": ""соль""}, {""name"": ""перец""}]",Две котлеты в панировке со щедрой порцией овощной смеси на сковороде,5.00,4.00,1.60,,14.00,"[""A"", ""C"", ""K"", ""B1"", ""B2"", ""B3"", ""B6"", ""B12""]","[""Iron"", ""Zinc"", ""Potassium"", ""Magnesium""]","[""Отличный источник белка""]","[""Высокая калорийность из-за жарки и панировки"", ""Высокое содержание жира"", ""особенно из растительного масла"", ""Потенциально высокое содержание натрия в зависимости от приправ""]",55,"Лучше всего употреблять как редкое блюдо или небольшими порциями из-за высокой калорийности и содержания жира. Рассмотрите альтернативные способы приготовления, такие как запекание или жарка в аэрогриле, чтобы уменьшить количество жира.",,ru,,false,,,,изредка,regular,1,half,0.500,100,,0,0,0,0,0,0,,food_analysis_1749689249008,,
73,Sweet Cookies with Oats and Raisins,25.00,224.00,4.60,6.70,36.80,,false,2025-06-12 20:42:27.937609+00,2025-06-12 20:42:27.937609+00,,https://firebasestorage.googleapis.com/v0/b/nutrichecker-41993.firebasestorage.app/o/food_analysis%2F1749760905269.jpg?alt=media&token=e2a91da1-c696-4418-b28f-fe5bf81eacfd,2025061118491622995@nutrichecker.top,"[{""name"": ""enriched wheat flour""}, {""name"": ""sugar""}, {""name"": ""raisins""}, {""name"": ""high oleic sunflower oil""}, {""name"": ""rolled oats""}, {""name"": ""skimmed milk powder""}, {""name"": ""salt""}, {""name"": ""rice flour""}, {""name"": ""ammonium bicarbonate""}, {""name"": ""sodium bicarbonate""}, {""name"": ""mono and diglycerides of fatty acids""}, {""name"": ""soy lecithin""}, {""name"": ""propylene glycol fatty acid esters""}, {""name"": ""potassium salts of fatty acids""}, {""name"": ""sodium metabisulfite""}, {""name"": ""dulce de leche artificial flavor""}, {""name"": ""anise natural flavor""}]",Full package of cookies,13.00,1.50,0.49,,2.70,"[""Thiamine (B1)"", ""Riboflavin (B2)"", ""Niacin (B3)"", ""Folic Acid""]","[""Iron""]","[""Source of energy""]","[""High sugar content"", ""Moderate fat content""]",45,Best consumed in moderation as part of an occasional treat due to high sugar content.,,ru,,false,,,,occasionally,regular,1,quarter,0.250,100,,0,0,0,0,0,0,,food_analysis_1749760933002,,
74,Strawberries,100.00,80.00,1.80,0.80,19.00,,false,2025-06-14 12:36:42.035157+00,2025-06-14 12:36:42.035157+00,,https://firebasestorage.googleapis.com/v0/b/nutrichecker-41993.firebasestorage.app/o/food_analysis%2F1749904359359.jpg?alt=media&token=74e785e7-5484-4a3d-ac6c-112321aa3fea,2025061409135854968@nutrichecker.top,"[{""name"": ""strawberries""}]",Handful of fresh strawberries,12.00,5.00,0.01,40,0.10,"[""C"", ""K"", ""Folate""]","[""Manganese"", ""Potassium""]","[""Rich in Vitamin C""]",[],90,"Excellent addition to a daily diet, can be eaten as a snack or part of a meal",,ru,,true,,,,daily,regular,1,all,1.000,100,,0,0,0,0,0,0,,food_analysis_1749904372379,,
75,Cereal Mix - Oats & Raisins Cookies,25.00,243.00,3.00,10.30,35.00,,false,2025-06-14 13:19:19.302401+00,2025-06-14 13:19:19.302401+00,,https://firebasestorage.googleapis.com/v0/b/nutrichecker-41993.firebasestorage.app/o/food_analysis%2F1749907124866.jpg?alt=media&token=56ce9cc0-33aa-4a79-b3f7-aa4279cd1539,2025061409135854968@nutrichecker.top,"[{""name"": ""oats""}, {""name"": ""raisins""}, {""name"": ""sunflower oil""}, {""name"": ""wheat flour""}, {""name"": ""sugar""}]",Full package of Cereal Mix - Oats & Raisins Cookies,23.30,2.00,0.50,60,8.00,"[""B1"", ""B5"", ""K""]","[""Iron"", ""Magnesium"", ""Potassium"", ""Zinc""]","[""Good source of dietary fiber from oats and raisins""]","[""High sugar content (indicated by 'EXCESO AZÚCARES')"", ""High caloric density""]",40,"Due to high sugar and calorie content, this product is best consumed in moderation as an occasional treat.",,ru,,true,,,,2-3 times per week,regular,1,quarter,0.250,100,,0,0,0,0,0,0,,food_analysis_1749907143552,,